{"cameraMode":{"drawMode":0,"name":"Shaded","section":"Shading Mode"},"sceneLighting":true,"audioPlay":false,"sceneViewState":{"m_AlwaysRefresh":false,"showFog":true,"showSkybox":true,"showFlares":true,"showImageEffects":true,"showParticleSystems":true,"showVisualEffectGraphs":true,"m_FxEnabled":true},"in2DMode":false,"pivot":{"x":-0.0695209801197052,"y":3.373891592025757,"z":-3.652026891708374},"rotation":{"x":-0.14899969100952149,"y":0.007284117396920919,"z":0.011806829832494259,"w":-0.9894089698791504},"size":-0.033974647521972659,"orthographic":false}